fecha,valor,serie_id,nombre
29/12/1995,15741.0,SF43707,reservas_internacionales
05/01/1996,15671.9,SF43707,reservas_internacionales
12/01/1996,16045.3,SF43707,reservas_internacionales
19/01/1996,15991.6,SF43707,reservas_internacionales
26/01/1996,16002.1,SF43707,reservas_internacionales
02/02/1996,15392.3,SF43707,reservas_internacionales
09/02/1996,15545.2,SF43707,reservas_internacionales
16/02/1996,15773.0,SF43707,reservas_internacionales
23/02/1996,15784.9,SF43707,reservas_internacionales
01/03/1996,15956.8,SF43707,reservas_internacionales
08/03/1996,15784.4,SF43707,reservas_internacionales
15/03/1996,15796.3,SF43707,reservas_internacionales
22/03/1996,15797.7,SF43707,reservas_internacionales
29/03/1996,15491.0,SF43707,reservas_internacionales
03/04/1996,15663.4,SF43707,reservas_internacionales
12/04/1996,15619.8,SF43707,reservas_internacionales
19/04/1996,15714.4,SF43707,reservas_internacionales
26/04/1996,15639.1,SF43707,reservas_internacionales
03/05/1996,15893.7,SF43707,reservas_internacionales
10/05/1996,15908.3,SF43707,reservas_internacionales
17/05/1996,15919.3,SF43707,reservas_internacionales
24/05/1996,16017.1,SF43707,reservas_internacionales
31/05/1996,15954.5,SF43707,reservas_internacionales
07/06/1996,15970.8,SF43707,reservas_internacionales
14/06/1996,15872.5,SF43707,reservas_internacionales
21/06/1996,15843.7,SF43707,reservas_internacionales
28/06/1996,15402.2,SF43707,reservas_internacionales
05/07/1996,15464.4,SF43707,reservas_internacionales
12/07/1996,15371.1,SF43707,reservas_internacionales
19/07/1996,15874.9,SF43707,reservas_internacionales
26/07/1996,15905.2,SF43707,reservas_internacionales
02/08/1996,16245.7,SF43707,reservas_internacionales
09/08/1996,15887.0,SF43707,reservas_internacionales
16/08/1996,15424.7,SF43707,reservas_internacionales
23/08/1996,15386.8,SF43707,reservas_internacionales
30/08/1996,15443.6,SF43707,reservas_internacionales
06/09/1996,15528.1,SF43707,reservas_internacionales
13/09/1996,15426.3,SF43707,reservas_internacionales
20/09/1996,15580.5,SF43707,reservas_internacionales
27/09/1996,15571.0,SF43707,reservas_internacionales
04/10/1996,15847.5,SF43707,reservas_internacionales
11/10/1996,15850.8,SF43707,reservas_internacionales
18/10/1996,15738.8,SF43707,reservas_internacionales
25/10/1996,15762.6,SF43707,reservas_internacionales
01/11/1996,16122.1,SF43707,reservas_internacionales
08/11/1996,15897.4,SF43707,reservas_internacionales
15/11/1996,15801.2,SF43707,reservas_internacionales
22/11/1996,16257.1,SF43707,reservas_internacionales
29/11/1996,16316.9,SF43707,reservas_internacionales
06/12/1996,16397.6,SF43707,reservas_internacionales
13/12/1996,16344.1,SF43707,reservas_internacionales
20/12/1996,16779.9,SF43707,reservas_internacionales
27/12/1996,17172.1,SF43707,reservas_internacionales
03/01/1997,17651.3,SF43707,reservas_internacionales
10/01/1997,17862.6,SF43707,reservas_internacionales
17/01/1997,17710.2,SF43707,reservas_internacionales
24/01/1997,18147.2,SF43707,reservas_internacionales
31/01/1997,18960.2,SF43707,reservas_internacionales
07/02/1997,18809.4,SF43707,reservas_internacionales
14/02/1997,18483.2,SF43707,reservas_internacionales
21/02/1997,19592.0,SF43707,reservas_internacionales
28/02/1997,20201.6,SF43707,reservas_internacionales
07/03/1997,20339.0,SF43707,reservas_internacionales
14/03/1997,20175.6,SF43707,reservas_internacionales
20/03/1997,20251.8,SF43707,reservas_internacionales
26/03/1997,19836.0,SF43707,reservas_internacionales
04/04/1997,20509.5,SF43707,reservas_internacionales
11/04/1997,20547.1,SF43707,reservas_internacionales
18/04/1997,20903.3,SF43707,reservas_internacionales
25/04/1997,21717.9,SF43707,reservas_internacionales
02/05/1997,21446.1,SF43707,reservas_internacionales
09/05/1997,21773.4,SF43707,reservas_internacionales
16/05/1997,21726.9,SF43707,reservas_internacionales
23/05/1997,22181.0,SF43707,reservas_internacionales
30/05/1997,22262.1,SF43707,reservas_internacionales
06/06/1997,22287.2,SF43707,reservas_internacionales
13/06/1997,22391.2,SF43707,reservas_internacionales
20/06/1997,21257.6,SF43707,reservas_internacionales
27/06/1997,21695.5,SF43707,reservas_internacionales
04/07/1997,21999.5,SF43707,reservas_internacionales
11/07/1997,22155.6,SF43707,reservas_internacionales
18/07/1997,22474.3,SF43707,reservas_internacionales
25/07/1997,22512.2,SF43707,reservas_internacionales
01/08/1997,22485.1,SF43707,reservas_internacionales
08/08/1997,22726.2,SF43707,reservas_internacionales
15/08/1997,22676.3,SF43707,reservas_internacionales
22/08/1997,23109.8,SF43707,reservas_internacionales
29/08/1997,23285.4,SF43707,reservas_internacionales
05/09/1997,23340.2,SF43707,reservas_internacionales
12/09/1997,23425.5,SF43707,reservas_internacionales
19/09/1997,23824.9,SF43707,reservas_internacionales
26/09/1997,24427.7,SF43707,reservas_internacionales
03/10/1997,25039.4,SF43707,reservas_internacionales
10/10/1997,25384.2,SF43707,reservas_internacionales
17/10/1997,25438.6,SF43707,reservas_internacionales
24/10/1997,26066.7,SF43707,reservas_internacionales
31/10/1997,25830.5,SF43707,reservas_internacionales
07/11/1997,25709.3,SF43707,reservas_internacionales
14/11/1997,25462.4,SF43707,reservas_internacionales
21/11/1997,25414.5,SF43707,reservas_internacionales
28/11/1997,25474.2,SF43707,reservas_internacionales
05/12/1997,25801.5,SF43707,reservas_internacionales
11/12/1997,25745.4,SF43707,reservas_internacionales
19/12/1997,27609.0,SF43707,reservas_internacionales
26/12/1997,27808.2,SF43707,reservas_internacionales
02/01/1998,28175.6,SF43707,reservas_internacionales
09/01/1998,28458.8,SF43707,reservas_internacionales
16/01/1998,28347.5,SF43707,reservas_internacionales
23/01/1998,28629.4,SF43707,reservas_internacionales
30/01/1998,28632.7,SF43707,reservas_internacionales
06/02/1998,28886.1,SF43707,reservas_internacionales
13/02/1998,28452.3,SF43707,reservas_internacionales
20/02/1998,28441.9,SF43707,reservas_internacionales
27/02/1998,28597.4,SF43707,reservas_internacionales
06/03/1998,28813.2,SF43707,reservas_internacionales
13/03/1998,29534.1,SF43707,reservas_internacionales
20/03/1998,29452.9,SF43707,reservas_internacionales
27/03/1998,29421.7,SF43707,reservas_internacionales
03/04/1998,29877.3,SF43707,reservas_internacionales
08/04/1998,30643.7,SF43707,reservas_internacionales
17/04/1998,30791.9,SF43707,reservas_internacionales
24/04/1998,30991.1,SF43707,reservas_internacionales
30/04/1998,30499.3,SF43707,reservas_internacionales
08/05/1998,30567.1,SF43707,reservas_internacionales
15/05/1998,30402.0,SF43707,reservas_internacionales
22/05/1998,30404.7,SF43707,reservas_internacionales
29/05/1998,30201.8,SF43707,reservas_internacionales
05/06/1998,30152.7,SF43707,reservas_internacionales
12/06/1998,29997.7,SF43707,reservas_internacionales
19/06/1998,29976.4,SF43707,reservas_internacionales
26/06/1998,29877.1,SF43707,reservas_internacionales
03/07/1998,29758.0,SF43707,reservas_internacionales
10/07/1998,29695.5,SF43707,reservas_internacionales
17/07/1998,30071.9,SF43707,reservas_internacionales
24/07/1998,30507.3,SF43707,reservas_internacionales
31/07/1998,30723.9,SF43707,reservas_internacionales
07/08/1998,30027.6,SF43707,reservas_internacionales
14/08/1998,29703.9,SF43707,reservas_internacionales
21/08/1998,29574.2,SF43707,reservas_internacionales
28/08/1998,29390.0,SF43707,reservas_internacionales
04/09/1998,29692.3,SF43707,reservas_internacionales
11/09/1998,29101.9,SF43707,reservas_internacionales
18/09/1998,28990.4,SF43707,reservas_internacionales
25/09/1998,28929.7,SF43707,reservas_internacionales
02/10/1998,28415.3,SF43707,reservas_internacionales
09/10/1998,28722.1,SF43707,reservas_internacionales
16/10/1998,29330.4,SF43707,reservas_internacionales
23/10/1998,29197.3,SF43707,reservas_internacionales
30/10/1998,29282.5,SF43707,reservas_internacionales
06/11/1998,29142.0,SF43707,reservas_internacionales
13/11/1998,29097.1,SF43707,reservas_internacionales
19/11/1998,29132.5,SF43707,reservas_internacionales
27/11/1998,28815.2,SF43707,reservas_internacionales
04/12/1998,29263.5,SF43707,reservas_internacionales
11/12/1998,29182.3,SF43707,reservas_internacionales
18/12/1998,29395.4,SF43707,reservas_internacionales
24/12/1998,29735.6,SF43707,reservas_internacionales
31/12/1998,30139.8,SF43707,reservas_internacionales
08/01/1999,30359.8,SF43707,reservas_internacionales
15/01/1999,30127.5,SF43707,reservas_internacionales
22/01/1999,30356.1,SF43707,reservas_internacionales
29/01/1999,30365.8,SF43707,reservas_internacionales
04/02/1999,30399.6,SF43707,reservas_internacionales
12/02/1999,30699.7,SF43707,reservas_internacionales
19/02/1999,30624.6,SF43707,reservas_internacionales
26/02/1999,30477.9,SF43707,reservas_internacionales
05/03/1999,30731.9,SF43707,reservas_internacionales
12/03/1999,30894.3,SF43707,reservas_internacionales
19/03/1999,30628.9,SF43707,reservas_internacionales
26/03/1999,30620.3,SF43707,reservas_internacionales
31/03/1999,30102.0,SF43707,reservas_internacionales
09/04/1999,30365.4,SF43707,reservas_internacionales
16/04/1999,30389.0,SF43707,reservas_internacionales
23/04/1999,30427.5,SF43707,reservas_internacionales
30/04/1999,30259.9,SF43707,reservas_internacionales
07/05/1999,29604.4,SF43707,reservas_internacionales
14/05/1999,30035.0,SF43707,reservas_internacionales
21/05/1999,30254.5,SF43707,reservas_internacionales
28/05/1999,30184.2,SF43707,reservas_internacionales
04/06/1999,30090.2,SF43707,reservas_internacionales
11/06/1999,30365.1,SF43707,reservas_internacionales
18/06/1999,30139.4,SF43707,reservas_internacionales
25/06/1999,30260.9,SF43707,reservas_internacionales
02/07/1999,30167.9,SF43707,reservas_internacionales
09/07/1999,30293.9,SF43707,reservas_internacionales
16/07/1999,31078.0,SF43707,reservas_internacionales
23/07/1999,31331.9,SF43707,reservas_internacionales
30/07/1999,31420.7,SF43707,reservas_internacionales
06/08/1999,31223.4,SF43707,reservas_internacionales
13/08/1999,30758.9,SF43707,reservas_internacionales
20/08/1999,30856.4,SF43707,reservas_internacionales
27/08/1999,30826.0,SF43707,reservas_internacionales
03/09/1999,31024.3,SF43707,reservas_internacionales
10/09/1999,31116.4,SF43707,reservas_internacionales
17/09/1999,30741.8,SF43707,reservas_internacionales
24/09/1999,30948.7,SF43707,reservas_internacionales
01/10/1999,31000.4,SF43707,reservas_internacionales
08/10/1999,30930.1,SF43707,reservas_internacionales
15/10/1999,31014.4,SF43707,reservas_internacionales
22/10/1999,30923.7,SF43707,reservas_internacionales
29/10/1999,30775.8,SF43707,reservas_internacionales
05/11/1999,29921.8,SF43707,reservas_internacionales
12/11/1999,30274.8,SF43707,reservas_internacionales
19/11/1999,30264.5,SF43707,reservas_internacionales
26/11/1999,30355.3,SF43707,reservas_internacionales
03/12/1999,30364.6,SF43707,reservas_internacionales
10/12/1999,30652.3,SF43707,reservas_internacionales
17/12/1999,30694.7,SF43707,reservas_internacionales
24/12/1999,31062.5,SF43707,reservas_internacionales
31/12/1999,30733.4,SF43707,reservas_internacionales
07/01/2000,30717.3,SF43707,reservas_internacionales
14/01/2000,30711.6,SF43707,reservas_internacionales
21/01/2000,31117.7,SF43707,reservas_internacionales
28/01/2000,31540.9,SF43707,reservas_internacionales
04/02/2000,30763.7,SF43707,reservas_internacionales
11/02/2000,31491.8,SF43707,reservas_internacionales
18/02/2000,31687.0,SF43707,reservas_internacionales
25/02/2000,31903.2,SF43707,reservas_internacionales
03/03/2000,32167.0,SF43707,reservas_internacionales
10/03/2000,32311.4,SF43707,reservas_internacionales
17/03/2000,32366.1,SF43707,reservas_internacionales
24/03/2000,33833.7,SF43707,reservas_internacionales
31/03/2000,34010.0,SF43707,reservas_internacionales
07/04/2000,34013.5,SF43707,reservas_internacionales
14/04/2000,34095.6,SF43707,reservas_internacionales
19/04/2000,34001.5,SF43707,reservas_internacionales
28/04/2000,33746.0,SF43707,reservas_internacionales
04/05/2000,33639.8,SF43707,reservas_internacionales
12/05/2000,33719.5,SF43707,reservas_internacionales
19/05/2000,33712.9,SF43707,reservas_internacionales
26/05/2000,33679.2,SF43707,reservas_internacionales
02/06/2000,32866.2,SF43707,reservas_internacionales
09/06/2000,32916.1,SF43707,reservas_internacionales
16/06/2000,32218.7,SF43707,reservas_internacionales
23/06/2000,32475.2,SF43707,reservas_internacionales
30/06/2000,31904.4,SF43707,reservas_internacionales
07/07/2000,31661.5,SF43707,reservas_internacionales
14/07/2000,31485.0,SF43707,reservas_internacionales
21/07/2000,31825.4,SF43707,reservas_internacionales
28/07/2000,32337.5,SF43707,reservas_internacionales
04/08/2000,32525.5,SF43707,reservas_internacionales
11/08/2000,32748.9,SF43707,reservas_internacionales
18/08/2000,32847.1,SF43707,reservas_internacionales
25/08/2000,33037.7,SF43707,reservas_internacionales
01/09/2000,30558.4,SF43707,reservas_internacionales
08/09/2000,30605.3,SF43707,reservas_internacionales
15/09/2000,30661.9,SF43707,reservas_internacionales
22/09/2000,31286.0,SF43707,reservas_internacionales
29/09/2000,31869.9,SF43707,reservas_internacionales
06/10/2000,31891.6,SF43707,reservas_internacionales
13/10/2000,31965.0,SF43707,reservas_internacionales
20/10/2000,31991.7,SF43707,reservas_internacionales
27/10/2000,32936.6,SF43707,reservas_internacionales
03/11/2000,32681.4,SF43707,reservas_internacionales
10/11/2000,32602.6,SF43707,reservas_internacionales
17/11/2000,32498.6,SF43707,reservas_internacionales
24/11/2000,32482.8,SF43707,reservas_internacionales
30/11/2000,32164.1,SF43707,reservas_internacionales
08/12/2000,32505.4,SF43707,reservas_internacionales
15/12/2000,32506.9,SF43707,reservas_internacionales
22/12/2000,32459.3,SF43707,reservas_internacionales
29/12/2000,33554.9,SF43707,reservas_internacionales
05/01/2001,33927.4,SF43707,reservas_internacionales
12/01/2001,33847.0,SF43707,reservas_internacionales
19/01/2001,33927.0,SF43707,reservas_internacionales
26/01/2001,33935.5,SF43707,reservas_internacionales
02/02/2001,35941.5,SF43707,reservas_internacionales
09/02/2001,36368.4,SF43707,reservas_internacionales
16/02/2001,36348.7,SF43707,reservas_internacionales
23/02/2001,36381.8,SF43707,reservas_internacionales
02/03/2001,37331.8,SF43707,reservas_internacionales
09/03/2001,37657.0,SF43707,reservas_internacionales
16/03/2001,37755.5,SF43707,reservas_internacionales
23/03/2001,37789.4,SF43707,reservas_internacionales
30/03/2001,38035.5,SF43707,reservas_internacionales
06/04/2001,38333.7,SF43707,reservas_internacionales
11/04/2001,38092.6,SF43707,reservas_internacionales
20/04/2001,38186.1,SF43707,reservas_internacionales
27/04/2001,38160.5,SF43707,reservas_internacionales
04/05/2001,38669.8,SF43707,reservas_internacionales
11/05/2001,38651.4,SF43707,reservas_internacionales
18/05/2001,38372.1,SF43707,reservas_internacionales
25/05/2001,38367.1,SF43707,reservas_internacionales
01/06/2001,38900.0,SF43707,reservas_internacionales
08/06/2001,39018.4,SF43707,reservas_internacionales
15/06/2001,39158.6,SF43707,reservas_internacionales
22/06/2001,39012.5,SF43707,reservas_internacionales
29/06/2001,38730.4,SF43707,reservas_internacionales
06/07/2001,38794.9,SF43707,reservas_internacionales
13/07/2001,38614.3,SF43707,reservas_internacionales
20/07/2001,38689.1,SF43707,reservas_internacionales
27/07/2001,38724.5,SF43707,reservas_internacionales
03/08/2001,38659.1,SF43707,reservas_internacionales
10/08/2001,38877.8,SF43707,reservas_internacionales
17/08/2001,38674.4,SF43707,reservas_internacionales
24/08/2001,38643.1,SF43707,reservas_internacionales
31/08/2001,39021.1,SF43707,reservas_internacionales
07/09/2001,39119.7,SF43707,reservas_internacionales
14/09/2001,39159.9,SF43707,reservas_internacionales
21/09/2001,39122.8,SF43707,reservas_internacionales
28/09/2001,39414.6,SF43707,reservas_internacionales
05/10/2001,39550.0,SF43707,reservas_internacionales
12/10/2001,39558.7,SF43707,reservas_internacionales
19/10/2001,39560.0,SF43707,reservas_internacionales
26/10/2001,39634.8,SF43707,reservas_internacionales
02/11/2001,40521.1,SF43707,reservas_internacionales
09/11/2001,40612.4,SF43707,reservas_internacionales
16/11/2001,39886.0,SF43707,reservas_internacionales
23/11/2001,39688.3,SF43707,reservas_internacionales
30/11/2001,40069.6,SF43707,reservas_internacionales
07/12/2001,39768.2,SF43707,reservas_internacionales
14/12/2001,40140.8,SF43707,reservas_internacionales
21/12/2001,40172.2,SF43707,reservas_internacionales
28/12/2001,40091.2,SF43707,reservas_internacionales
04/01/2002,40889.9,SF43707,reservas_internacionales
11/01/2002,41046.3,SF43707,reservas_internacionales
18/01/2002,41114.8,SF43707,reservas_internacionales
25/01/2002,41202.5,SF43707,reservas_internacionales
01/02/2002,41726.4,SF43707,reservas_internacionales
08/02/2002,41946.4,SF43707,reservas_internacionales
15/02/2002,41956.5,SF43707,reservas_internacionales
22/02/2002,41986.2,SF43707,reservas_internacionales
01/03/2002,42124.7,SF43707,reservas_internacionales
08/03/2002,41940.8,SF43707,reservas_internacionales
15/03/2002,42064.4,SF43707,reservas_internacionales
22/03/2002,42092.8,SF43707,reservas_internacionales
27/03/2002,42228.7,SF43707,reservas_internacionales
05/04/2002,41861.1,SF43707,reservas_internacionales
12/04/2002,41689.4,SF43707,reservas_internacionales
19/04/2002,40950.7,SF43707,reservas_internacionales
26/04/2002,41067.0,SF43707,reservas_internacionales
03/05/2002,41318.5,SF43707,reservas_internacionales
10/05/2002,41456.1,SF43707,reservas_internacionales
17/05/2002,41101.7,SF43707,reservas_internacionales
24/05/2002,41222.9,SF43707,reservas_internacionales
31/05/2002,41594.1,SF43707,reservas_internacionales
07/06/2002,41740.6,SF43707,reservas_internacionales
14/06/2002,41960.5,SF43707,reservas_internacionales
21/06/2002,42107.4,SF43707,reservas_internacionales
28/06/2002,42722.9,SF43707,reservas_internacionales
05/07/2002,42740.6,SF43707,reservas_internacionales
12/07/2002,43055.4,SF43707,reservas_internacionales
19/07/2002,43213.8,SF43707,reservas_internacionales
26/07/2002,43258.5,SF43707,reservas_internacionales
02/08/2002,43918.8,SF43707,reservas_internacionales
09/08/2002,44038.6,SF43707,reservas_internacionales
16/08/2002,44061.0,SF43707,reservas_internacionales
23/08/2002,44162.7,SF43707,reservas_internacionales
30/08/2002,44273.1,SF43707,reservas_internacionales
06/09/2002,44465.0,SF43707,reservas_internacionales
13/09/2002,44344.7,SF43707,reservas_internacionales
20/09/2002,44412.5,SF43707,reservas_internacionales
27/09/2002,44981.4,SF43707,reservas_internacionales
04/10/2002,44999.4,SF43707,reservas_internacionales
11/10/2002,44705.8,SF43707,reservas_internacionales
18/10/2002,44592.0,SF43707,reservas_internacionales
25/10/2002,44664.3,SF43707,reservas_internacionales
01/11/2002,45248.9,SF43707,reservas_internacionales
08/11/2002,45312.4,SF43707,reservas_internacionales
15/11/2002,44948.1,SF43707,reservas_internacionales
22/11/2002,44850.3,SF43707,reservas_internacionales
29/11/2002,45238.5,SF43707,reservas_internacionales
06/12/2002,45407.8,SF43707,reservas_internacionales
13/12/2002,45660.9,SF43707,reservas_internacionales
20/12/2002,45990.8,SF43707,reservas_internacionales
27/12/2002,46098.7,SF43707,reservas_internacionales
03/01/2003,47931.3,SF43707,reservas_internacionales
10/01/2003,48119.4,SF43707,reservas_internacionales
17/01/2003,48328.4,SF43707,reservas_internacionales
24/01/2003,48536.6,SF43707,reservas_internacionales
31/01/2003,49440.1,SF43707,reservas_internacionales
07/02/2003,49723.6,SF43707,reservas_internacionales
14/02/2003,49747.8,SF43707,reservas_internacionales
21/02/2003,49822.7,SF43707,reservas_internacionales
28/02/2003,50315.3,SF43707,reservas_internacionales
07/03/2003,50575.8,SF43707,reservas_internacionales
14/03/2003,50810.4,SF43707,reservas_internacionales
20/03/2003,50741.8,SF43707,reservas_internacionales
28/03/2003,51095.8,SF43707,reservas_internacionales
04/04/2003,52042.3,SF43707,reservas_internacionales
11/04/2003,52199.4,SF43707,reservas_internacionales
16/04/2003,52485.5,SF43707,reservas_internacionales
25/04/2003,52612.7,SF43707,reservas_internacionales
02/05/2003,53734.8,SF43707,reservas_internacionales
09/05/2003,53967.6,SF43707,reservas_internacionales
16/05/2003,53803.1,SF43707,reservas_internacionales
23/05/2003,53800.5,SF43707,reservas_internacionales
30/05/2003,53571.4,SF43707,reservas_internacionales
06/06/2003,53494.4,SF43707,reservas_internacionales
13/06/2003,53652.2,SF43707,reservas_internacionales
20/06/2003,53322.8,SF43707,reservas_internacionales
27/06/2003,52899.3,SF43707,reservas_internacionales
04/07/2003,53370.6,SF43707,reservas_internacionales
11/07/2003,52886.7,SF43707,reservas_internacionales
18/07/2003,52450.2,SF43707,reservas_internacionales
25/07/2003,51636.4,SF43707,reservas_internacionales
01/08/2003,51725.7,SF43707,reservas_internacionales
08/08/2003,51980.3,SF43707,reservas_internacionales
15/08/2003,51338.9,SF43707,reservas_internacionales
22/08/2003,51123.1,SF43707,reservas_internacionales
29/08/2003,51486.9,SF43707,reservas_internacionales
05/09/2003,51570.3,SF43707,reservas_internacionales
12/09/2003,51350.3,SF43707,reservas_internacionales
19/09/2003,51477.9,SF43707,reservas_internacionales
26/09/2003,51417.7,SF43707,reservas_internacionales
03/10/2003,52081.8,SF43707,reservas_internacionales
10/10/2003,52212.3,SF43707,reservas_internacionales
17/10/2003,52183.2,SF43707,reservas_internacionales
24/10/2003,52374.7,SF43707,reservas_internacionales
31/10/2003,53645.6,SF43707,reservas_internacionales
07/11/2003,53735.6,SF43707,reservas_internacionales
14/11/2003,54117.0,SF43707,reservas_internacionales
21/11/2003,54303.7,SF43707,reservas_internacionales
28/11/2003,55395.9,SF43707,reservas_internacionales
05/12/2003,55454.4,SF43707,reservas_internacionales
11/12/2003,55834.0,SF43707,reservas_internacionales
19/12/2003,55638.2,SF43707,reservas_internacionales
26/12/2003,56085.7,SF43707,reservas_internacionales
02/01/2004,57383.2,SF43707,reservas_internacionales
09/01/2004,57721.9,SF43707,reservas_internacionales
16/01/2004,57330.8,SF43707,reservas_internacionales
23/01/2004,57540.7,SF43707,reservas_internacionales
30/01/2004,58742.5,SF43707,reservas_internacionales
06/02/2004,58810.0,SF43707,reservas_internacionales
13/02/2004,58931.6,SF43707,reservas_internacionales
20/02/2004,58527.6,SF43707,reservas_internacionales
27/02/2004,59151.3,SF43707,reservas_internacionales
05/03/2004,59041.0,SF43707,reservas_internacionales
12/03/2004,58821.5,SF43707,reservas_internacionales
19/03/2004,58649.0,SF43707,reservas_internacionales
26/03/2004,58405.9,SF43707,reservas_internacionales
02/04/2004,58847.9,SF43707,reservas_internacionales
07/04/2004,58711.5,SF43707,reservas_internacionales
16/04/2004,58305.1,SF43707,reservas_internacionales
23/04/2004,57981.2,SF43707,reservas_internacionales
30/04/2004,58393.7,SF43707,reservas_internacionales
07/05/2004,58115.6,SF43707,reservas_internacionales
14/05/2004,58422.4,SF43707,reservas_internacionales
21/05/2004,58405.7,SF43707,reservas_internacionales
28/05/2004,58481.6,SF43707,reservas_internacionales
04/06/2004,58676.9,SF43707,reservas_internacionales
11/06/2004,58543.8,SF43707,reservas_internacionales
18/06/2004,58461.4,SF43707,reservas_internacionales
25/06/2004,58407.3,SF43707,reservas_internacionales
02/07/2004,59254.3,SF43707,reservas_internacionales
09/07/2004,59070.7,SF43707,reservas_internacionales
16/07/2004,58239.6,SF43707,reservas_internacionales
23/07/2004,57891.3,SF43707,reservas_internacionales
30/07/2004,57827.2,SF43707,reservas_internacionales
06/08/2004,57920.9,SF43707,reservas_internacionales
13/08/2004,57503.0,SF43707,reservas_internacionales
20/08/2004,57590.7,SF43707,reservas_internacionales
27/08/2004,57622.8,SF43707,reservas_internacionales
03/09/2004,58253.0,SF43707,reservas_internacionales
10/09/2004,57413.2,SF43707,reservas_internacionales
17/09/2004,57242.0,SF43707,reservas_internacionales
24/09/2004,56886.8,SF43707,reservas_internacionales
01/10/2004,57586.2,SF43707,reservas_internacionales
08/10/2004,57673.4,SF43707,reservas_internacionales
15/10/2004,57710.6,SF43707,reservas_internacionales
22/10/2004,57685.2,SF43707,reservas_internacionales
29/10/2004,58137.3,SF43707,reservas_internacionales
05/11/2004,58321.4,SF43707,reservas_internacionales
12/11/2004,58375.2,SF43707,reservas_internacionales
19/11/2004,58505.6,SF43707,reservas_internacionales
26/11/2004,58737.6,SF43707,reservas_internacionales
03/12/2004,60592.0,SF43707,reservas_internacionales
10/12/2004,60671.7,SF43707,reservas_internacionales
17/12/2004,60922.1,SF43707,reservas_internacionales
24/12/2004,61410.7,SF43707,reservas_internacionales
31/12/2004,61496.3,SF43707,reservas_internacionales
07/01/2005,61252.1,SF43707,reservas_internacionales
14/01/2005,61550.4,SF43707,reservas_internacionales
21/01/2005,61762.7,SF43707,reservas_internacionales
28/01/2005,61780.9,SF43707,reservas_internacionales
04/02/2005,61677.3,SF43707,reservas_internacionales
11/02/2005,61560.9,SF43707,reservas_internacionales
18/02/2005,61495.9,SF43707,reservas_internacionales
25/02/2005,61368.3,SF43707,reservas_internacionales
04/03/2005,62096.6,SF43707,reservas_internacionales
11/03/2005,61853.8,SF43707,reservas_internacionales
18/03/2005,61694.9,SF43707,reservas_internacionales
23/03/2005,61363.0,SF43707,reservas_internacionales
01/04/2005,61728.3,SF43707,reservas_internacionales
08/04/2005,60374.0,SF43707,reservas_internacionales
15/04/2005,60179.3,SF43707,reservas_internacionales
22/04/2005,60122.9,SF43707,reservas_internacionales
29/04/2005,60714.6,SF43707,reservas_internacionales
06/05/2005,60141.1,SF43707,reservas_internacionales
13/05/2005,59890.3,SF43707,reservas_internacionales
20/05/2005,59742.6,SF43707,reservas_internacionales
27/05/2005,59756.8,SF43707,reservas_internacionales
03/06/2005,60697.0,SF43707,reservas_internacionales
10/06/2005,60244.4,SF43707,reservas_internacionales
17/06/2005,60377.5,SF43707,reservas_internacionales
24/06/2005,60654.7,SF43707,reservas_internacionales
01/07/2005,61633.2,SF43707,reservas_internacionales
08/07/2005,60597.4,SF43707,reservas_internacionales
15/07/2005,57332.9,SF43707,reservas_internacionales
22/07/2005,57460.7,SF43707,reservas_internacionales
29/07/2005,59330.6,SF43707,reservas_internacionales
05/08/2005,59381.4,SF43707,reservas_internacionales
12/08/2005,59281.2,SF43707,reservas_internacionales
19/08/2005,59174.5,SF43707,reservas_internacionales
26/08/2005,59300.8,SF43707,reservas_internacionales
02/09/2005,60946.5,SF43707,reservas_internacionales
09/09/2005,61173.2,SF43707,reservas_internacionales
15/09/2005,60965.2,SF43707,reservas_internacionales
23/09/2005,60946.4,SF43707,reservas_internacionales
30/09/2005,62836.1,SF43707,reservas_internacionales
07/10/2005,62755.0,SF43707,reservas_internacionales
14/10/2005,62331.2,SF43707,reservas_internacionales
21/10/2005,62357.7,SF43707,reservas_internacionales
28/10/2005,62294.4,SF43707,reservas_internacionales
04/11/2005,64958.7,SF43707,reservas_internacionales
11/11/2005,65134.1,SF43707,reservas_internacionales
18/11/2005,65237.0,SF43707,reservas_internacionales
25/11/2005,65474.5,SF43707,reservas_internacionales
02/12/2005,66916.9,SF43707,reservas_internacionales
09/12/2005,66994.2,SF43707,reservas_internacionales
16/12/2005,67115.2,SF43707,reservas_internacionales
23/12/2005,67081.2,SF43707,reservas_internacionales
30/12/2005,68668.9,SF43707,reservas_internacionales
06/01/2006,68861.5,SF43707,reservas_internacionales
13/01/2006,69133.8,SF43707,reservas_internacionales
20/01/2006,69184.0,SF43707,reservas_internacionales
27/01/2006,69608.9,SF43707,reservas_internacionales
03/02/2006,67251.6,SF43707,reservas_internacionales
10/02/2006,67142.6,SF43707,reservas_internacionales
17/02/2006,67271.4,SF43707,reservas_internacionales
24/02/2006,67273.1,SF43707,reservas_internacionales
03/03/2006,67351.6,SF43707,reservas_internacionales
10/03/2006,67240.5,SF43707,reservas_internacionales
17/03/2006,67513.3,SF43707,reservas_internacionales
24/03/2006,67546.0,SF43707,reservas_internacionales
31/03/2006,67487.1,SF43707,reservas_internacionales
07/04/2006,67561.3,SF43707,reservas_internacionales
12/04/2006,68677.7,SF43707,reservas_internacionales
21/04/2006,69617.0,SF43707,reservas_internacionales
28/04/2006,70611.5,SF43707,reservas_internacionales
05/05/2006,71915.9,SF43707,reservas_internacionales
12/05/2006,72822.0,SF43707,reservas_internacionales
19/05/2006,73386.7,SF43707,reservas_internacionales
26/05/2006,74574.4,SF43707,reservas_internacionales
02/06/2006,75755.3,SF43707,reservas_internacionales
09/06/2006,76049.6,SF43707,reservas_internacionales
16/06/2006,76718.6,SF43707,reservas_internacionales
23/06/2006,77306.1,SF43707,reservas_internacionales
30/06/2006,78742.7,SF43707,reservas_internacionales
07/07/2006,79101.2,SF43707,reservas_internacionales
14/07/2006,78190.4,SF43707,reservas_internacionales
21/07/2006,78033.3,SF43707,reservas_internacionales
28/07/2006,77597.5,SF43707,reservas_internacionales
04/08/2006,77692.3,SF43707,reservas_internacionales
11/08/2006,77911.9,SF43707,reservas_internacionales
18/08/2006,65639.7,SF43707,reservas_internacionales
25/08/2006,65857.3,SF43707,reservas_internacionales
01/09/2006,65888.5,SF43707,reservas_internacionales
08/09/2006,65549.2,SF43707,reservas_internacionales
15/09/2006,66220.1,SF43707,reservas_internacionales
22/09/2006,66951.4,SF43707,reservas_internacionales
29/09/2006,67302.6,SF43707,reservas_internacionales
06/10/2006,67597.2,SF43707,reservas_internacionales
13/10/2006,67470.2,SF43707,reservas_internacionales
20/10/2006,68244.4,SF43707,reservas_internacionales
27/10/2006,68754.4,SF43707,reservas_internacionales
03/11/2006,68570.6,SF43707,reservas_internacionales
10/11/2006,68595.0,SF43707,reservas_internacionales
17/11/2006,68701.0,SF43707,reservas_internacionales
24/11/2006,69192.6,SF43707,reservas_internacionales
30/11/2006,69542.2,SF43707,reservas_internacionales
08/12/2006,69337.6,SF43707,reservas_internacionales
15/12/2006,69556.1,SF43707,reservas_internacionales
22/12/2006,69716.8,SF43707,reservas_internacionales
29/12/2006,67679.7,SF43707,reservas_internacionales
05/01/2007,68051.9,SF43707,reservas_internacionales
12/01/2007,68135.5,SF43707,reservas_internacionales
19/01/2007,67847.8,SF43707,reservas_internacionales
26/01/2007,67840.2,SF43707,reservas_internacionales
02/02/2007,67795.2,SF43707,reservas_internacionales
09/02/2007,68214.4,SF43707,reservas_internacionales
16/02/2007,68649.7,SF43707,reservas_internacionales
23/02/2007,68872.9,SF43707,reservas_internacionales
02/03/2007,68992.2,SF43707,reservas_internacionales
09/03/2007,69064.9,SF43707,reservas_internacionales
16/03/2007,69331.9,SF43707,reservas_internacionales
23/03/2007,69329.9,SF43707,reservas_internacionales
30/03/2007,69195.5,SF43707,reservas_internacionales
04/04/2007,69351.5,SF43707,reservas_internacionales
13/04/2007,69186.6,SF43707,reservas_internacionales
20/04/2007,69338.4,SF43707,reservas_internacionales
27/04/2007,69423.2,SF43707,reservas_internacionales
04/05/2007,69681.3,SF43707,reservas_internacionales
11/05/2007,69825.0,SF43707,reservas_internacionales
18/05/2007,69489.8,SF43707,reservas_internacionales
25/05/2007,69632.5,SF43707,reservas_internacionales
01/06/2007,69473.9,SF43707,reservas_internacionales
08/06/2007,69555.6,SF43707,reservas_internacionales
15/06/2007,69687.6,SF43707,reservas_internacionales
22/06/2007,69847.3,SF43707,reservas_internacionales
29/06/2007,69939.4,SF43707,reservas_internacionales
06/07/2007,69885.1,SF43707,reservas_internacionales
13/07/2007,69720.1,SF43707,reservas_internacionales
20/07/2007,70910.1,SF43707,reservas_internacionales
27/07/2007,71180.3,SF43707,reservas_internacionales
03/08/2007,71311.8,SF43707,reservas_internacionales
10/08/2007,71677.7,SF43707,reservas_internacionales
17/08/2007,70420.7,SF43707,reservas_internacionales
24/08/2007,70907.0,SF43707,reservas_internacionales
31/08/2007,71060.4,SF43707,reservas_internacionales
07/09/2007,71425.2,SF43707,reservas_internacionales
14/09/2007,72279.8,SF43707,reservas_internacionales
21/09/2007,73241.3,SF43707,reservas_internacionales
28/09/2007,73224.1,SF43707,reservas_internacionales
05/10/2007,73234.1,SF43707,reservas_internacionales
12/10/2007,74023.3,SF43707,reservas_internacionales
19/10/2007,75308.4,SF43707,reservas_internacionales
26/10/2007,75522.0,SF43707,reservas_internacionales
01/11/2007,75708.9,SF43707,reservas_internacionales
09/11/2007,75737.9,SF43707,reservas_internacionales
16/11/2007,75643.6,SF43707,reservas_internacionales
23/11/2007,76418.2,SF43707,reservas_internacionales
30/11/2007,77402.5,SF43707,reservas_internacionales
07/12/2007,77238.7,SF43707,reservas_internacionales
14/12/2007,77013.4,SF43707,reservas_internacionales
21/12/2007,77242.1,SF43707,reservas_internacionales
28/12/2007,77894.1,SF43707,reservas_internacionales
04/01/2008,78347.7,SF43707,reservas_internacionales
11/01/2008,78888.1,SF43707,reservas_internacionales
18/01/2008,79689.5,SF43707,reservas_internacionales
25/01/2008,79925.2,SF43707,reservas_internacionales
01/02/2008,80116.3,SF43707,reservas_internacionales
08/02/2008,79997.9,SF43707,reservas_internacionales
15/02/2008,80450.8,SF43707,reservas_internacionales
22/02/2008,80329.7,SF43707,reservas_internacionales
29/02/2008,81391.6,SF43707,reservas_internacionales
07/03/2008,82689.8,SF43707,reservas_internacionales
14/03/2008,82037.8,SF43707,reservas_internacionales
19/03/2008,82838.9,SF43707,reservas_internacionales
28/03/2008,82880.9,SF43707,reservas_internacionales
04/04/2008,83677.1,SF43707,reservas_internacionales
11/04/2008,84650.2,SF43707,reservas_internacionales
18/04/2008,84386.4,SF43707,reservas_internacionales
25/04/2008,84768.6,SF43707,reservas_internacionales
02/05/2008,84658.3,SF43707,reservas_internacionales
09/05/2008,84770.2,SF43707,reservas_internacionales
16/05/2008,84832.5,SF43707,reservas_internacionales
23/05/2008,85225.6,SF43707,reservas_internacionales
30/05/2008,84635.9,SF43707,reservas_internacionales
06/06/2008,85025.5,SF43707,reservas_internacionales
13/06/2008,84849.0,SF43707,reservas_internacionales
20/06/2008,85561.9,SF43707,reservas_internacionales
27/06/2008,85663.0,SF43707,reservas_internacionales
04/07/2008,86105.0,SF43707,reservas_internacionales
11/07/2008,86742.8,SF43707,reservas_internacionales
18/07/2008,86884.7,SF43707,reservas_internacionales
25/07/2008,78135.1,SF43707,reservas_internacionales
01/08/2008,78232.7,SF43707,reservas_internacionales
08/08/2008,78426.2,SF43707,reservas_internacionales
15/08/2008,78942.5,SF43707,reservas_internacionales
22/08/2008,79111.4,SF43707,reservas_internacionales
29/08/2008,80687.5,SF43707,reservas_internacionales
05/09/2008,81206.4,SF43707,reservas_internacionales
12/09/2008,81882.4,SF43707,reservas_internacionales
19/09/2008,81977.0,SF43707,reservas_internacionales
26/09/2008,83552.7,SF43707,reservas_internacionales
03/10/2008,84115.8,SF43707,reservas_internacionales
10/10/2008,75121.2,SF43707,reservas_internacionales
17/10/2008,78655.0,SF43707,reservas_internacionales
24/10/2008,76570.7,SF43707,reservas_internacionales
31/10/2008,77135.6,SF43707,reservas_internacionales
07/11/2008,81115.2,SF43707,reservas_internacionales
14/11/2008,80863.8,SF43707,reservas_internacionales
21/11/2008,80983.8,SF43707,reservas_internacionales
28/11/2008,83396.1,SF43707,reservas_internacionales
05/12/2008,83963.5,SF43707,reservas_internacionales
11/12/2008,84662.3,SF43707,reservas_internacionales
19/12/2008,85374.7,SF43707,reservas_internacionales
26/12/2008,85273.7,SF43707,reservas_internacionales
02/01/2009,85186.9,SF43707,reservas_internacionales
09/01/2009,85118.6,SF43707,reservas_internacionales
16/01/2009,84512.1,SF43707,reservas_internacionales
23/01/2009,84045.1,SF43707,reservas_internacionales
30/01/2009,83630.9,SF43707,reservas_internacionales
06/02/2009,82084.7,SF43707,reservas_internacionales
13/02/2009,81555.9,SF43707,reservas_internacionales
20/02/2009,80933.4,SF43707,reservas_internacionales
27/02/2009,80060.6,SF43707,reservas_internacionales
06/03/2009,79822.3,SF43707,reservas_internacionales
13/03/2009,79329.6,SF43707,reservas_internacionales
20/03/2009,80619.5,SF43707,reservas_internacionales
27/03/2009,79004.5,SF43707,reservas_internacionales
03/04/2009,78401.5,SF43707,reservas_internacionales
08/04/2009,77984.3,SF43707,reservas_internacionales
17/04/2009,77910.4,SF43707,reservas_internacionales
24/04/2009,77491.3,SF43707,reservas_internacionales
30/04/2009,76849.8,SF43707,reservas_internacionales
08/05/2009,76313.2,SF43707,reservas_internacionales
15/05/2009,76550.6,SF43707,reservas_internacionales
22/05/2009,76185.0,SF43707,reservas_internacionales
29/05/2009,75653.1,SF43707,reservas_internacionales
05/06/2009,74484.5,SF43707,reservas_internacionales
12/06/2009,74717.5,SF43707,reservas_internacionales
19/06/2009,74375.7,SF43707,reservas_internacionales
26/06/2009,74380.4,SF43707,reservas_internacionales
03/07/2009,74124.5,SF43707,reservas_internacionales
10/07/2009,73699.0,SF43707,reservas_internacionales
17/07/2009,73626.2,SF43707,reservas_internacionales
24/07/2009,73514.5,SF43707,reservas_internacionales
31/07/2009,73269.0,SF43707,reservas_internacionales
07/08/2009,72598.4,SF43707,reservas_internacionales
14/08/2009,73587.0,SF43707,reservas_internacionales
21/08/2009,73163.5,SF43707,reservas_internacionales
28/08/2009,76374.5,SF43707,reservas_internacionales
04/09/2009,76458.8,SF43707,reservas_internacionales
11/09/2009,77005.3,SF43707,reservas_internacionales
18/09/2009,76542.4,SF43707,reservas_internacionales
25/09/2009,76138.4,SF43707,reservas_internacionales
02/10/2009,78301.9,SF43707,reservas_internacionales
09/10/2009,79239.5,SF43707,reservas_internacionales
16/10/2009,80137.4,SF43707,reservas_internacionales
23/10/2009,80050.5,SF43707,reservas_internacionales
30/10/2009,79778.5,SF43707,reservas_internacionales
06/11/2009,79927.7,SF43707,reservas_internacionales
13/11/2009,80873.9,SF43707,reservas_internacionales
20/11/2009,80834.0,SF43707,reservas_internacionales
27/11/2009,81877.0,SF43707,reservas_internacionales
04/12/2009,81645.9,SF43707,reservas_internacionales
11/12/2009,87561.9,SF43707,reservas_internacionales
18/12/2009,87069.7,SF43707,reservas_internacionales
24/12/2009,90930.6,SF43707,reservas_internacionales
31/12/2009,90837.8,SF43707,reservas_internacionales
08/01/2010,90993.6,SF43707,reservas_internacionales
15/01/2010,91347.1,SF43707,reservas_internacionales
22/01/2010,91187.5,SF43707,reservas_internacionales
29/01/2010,92554.8,SF43707,reservas_internacionales
05/02/2010,93476.1,SF43707,reservas_internacionales
12/02/2010,93426.6,SF43707,reservas_internacionales
19/02/2010,93750.1,SF43707,reservas_internacionales
26/02/2010,94469.9,SF43707,reservas_internacionales
05/03/2010,94545.4,SF43707,reservas_internacionales
12/03/2010,94789.5,SF43707,reservas_internacionales
19/03/2010,94918.4,SF43707,reservas_internacionales
26/03/2010,94478.1,SF43707,reservas_internacionales
31/03/2010,95682.3,SF43707,reservas_internacionales
09/04/2010,96219.6,SF43707,reservas_internacionales
16/04/2010,97433.3,SF43707,reservas_internacionales
23/04/2010,97328.0,SF43707,reservas_internacionales
30/04/2010,97401.8,SF43707,reservas_internacionales
07/05/2010,98078.2,SF43707,reservas_internacionales
14/05/2010,98034.7,SF43707,reservas_internacionales
21/05/2010,98062.0,SF43707,reservas_internacionales
28/05/2010,97994.3,SF43707,reservas_internacionales
04/06/2010,98010.0,SF43707,reservas_internacionales
11/06/2010,98130.9,SF43707,reservas_internacionales
18/06/2010,100096.4,SF43707,reservas_internacionales
25/06/2010,100362.9,SF43707,reservas_internacionales
02/07/2010,101547.4,SF43707,reservas_internacionales
09/07/2010,101729.3,SF43707,reservas_internacionales
16/07/2010,102868.8,SF43707,reservas_internacionales
23/07/2010,103416.2,SF43707,reservas_internacionales
30/07/2010,104865.3,SF43707,reservas_internacionales
06/08/2010,105622.0,SF43707,reservas_internacionales
13/08/2010,106300.4,SF43707,reservas_internacionales
20/08/2010,106286.3,SF43707,reservas_internacionales
27/08/2010,106239.0,SF43707,reservas_internacionales
03/09/2010,106927.7,SF43707,reservas_internacionales
10/09/2010,106861.4,SF43707,reservas_internacionales
15/09/2010,106989.0,SF43707,reservas_internacionales
24/09/2010,108029.9,SF43707,reservas_internacionales
01/10/2010,108384.9,SF43707,reservas_internacionales
08/10/2010,109061.3,SF43707,reservas_internacionales
15/10/2010,109697.2,SF43707,reservas_internacionales
22/10/2010,109477.0,SF43707,reservas_internacionales
29/10/2010,110657.8,SF43707,reservas_internacionales
05/11/2010,110938.4,SF43707,reservas_internacionales
12/11/2010,110445.0,SF43707,reservas_internacionales
19/11/2010,110134.1,SF43707,reservas_internacionales
26/11/2010,110544.4,SF43707,reservas_internacionales
03/12/2010,111453.7,SF43707,reservas_internacionales
10/12/2010,111036.3,SF43707,reservas_internacionales
17/12/2010,111885.6,SF43707,reservas_internacionales
24/12/2010,112995.7,SF43707,reservas_internacionales
31/12/2010,113596.5,SF43707,reservas_internacionales
07/01/2011,116861.4,SF43707,reservas_internacionales
14/01/2011,116573.3,SF43707,reservas_internacionales
21/01/2011,117564.5,SF43707,reservas_internacionales
28/01/2011,118458.5,SF43707,reservas_internacionales
04/02/2011,118548.9,SF43707,reservas_internacionales
11/02/2011,118528.5,SF43707,reservas_internacionales
18/02/2011,119485.0,SF43707,reservas_internacionales
25/02/2011,121754.3,SF43707,reservas_internacionales
04/03/2011,121906.1,SF43707,reservas_internacionales
11/03/2011,122083.7,SF43707,reservas_internacionales
18/03/2011,122051.5,SF43707,reservas_internacionales
25/03/2011,121884.7,SF43707,reservas_internacionales
01/04/2011,122593.2,SF43707,reservas_internacionales
08/04/2011,123149.0,SF43707,reservas_internacionales
15/04/2011,124289.6,SF43707,reservas_internacionales
20/04/2011,125304.9,SF43707,reservas_internacionales
29/04/2011,125793.8,SF43707,reservas_internacionales
06/05/2011,125647.6,SF43707,reservas_internacionales
13/05/2011,125837.7,SF43707,reservas_internacionales
20/05/2011,126698.5,SF43707,reservas_internacionales
27/05/2011,127982.1,SF43707,reservas_internacionales
03/06/2011,128508.9,SF43707,reservas_internacionales
10/06/2011,129593.3,SF43707,reservas_internacionales
17/06/2011,129568.6,SF43707,reservas_internacionales
24/06/2011,129565.8,SF43707,reservas_internacionales
01/07/2011,129203.2,SF43707,reservas_internacionales
08/07/2011,130857.9,SF43707,reservas_internacionales
15/07/2011,131156.2,SF43707,reservas_internacionales
22/07/2011,132814.3,SF43707,reservas_internacionales
29/07/2011,134011.4,SF43707,reservas_internacionales
05/08/2011,133892.5,SF43707,reservas_internacionales
12/08/2011,134534.0,SF43707,reservas_internacionales
19/08/2011,136128.0,SF43707,reservas_internacionales
26/08/2011,136820.2,SF43707,reservas_internacionales
02/09/2011,137038.2,SF43707,reservas_internacionales
09/09/2011,136455.6,SF43707,reservas_internacionales
15/09/2011,136075.7,SF43707,reservas_internacionales
23/09/2011,136454.2,SF43707,reservas_internacionales
30/09/2011,137962.0,SF43707,reservas_internacionales
07/10/2011,138022.0,SF43707,reservas_internacionales
14/10/2011,138799.1,SF43707,reservas_internacionales
21/10/2011,138901.1,SF43707,reservas_internacionales
28/10/2011,140486.5,SF43707,reservas_internacionales
04/11/2011,140385.4,SF43707,reservas_internacionales
11/11/2011,140375.2,SF43707,reservas_internacionales
18/11/2011,140024.5,SF43707,reservas_internacionales
25/11/2011,139611.9,SF43707,reservas_internacionales
02/12/2011,141467.3,SF43707,reservas_internacionales
09/12/2011,141303.6,SF43707,reservas_internacionales
16/12/2011,140848.2,SF43707,reservas_internacionales
23/12/2011,140863.9,SF43707,reservas_internacionales
30/12/2011,142475.5,SF43707,reservas_internacionales
06/01/2012,144136.0,SF43707,reservas_internacionales
13/01/2012,144112.5,SF43707,reservas_internacionales
20/01/2012,145175.0,SF43707,reservas_internacionales
27/01/2012,147381.1,SF43707,reservas_internacionales
03/02/2012,148128.7,SF43707,reservas_internacionales
10/02/2012,147935.1,SF43707,reservas_internacionales
17/02/2012,147835.0,SF43707,reservas_internacionales
24/02/2012,147968.0,SF43707,reservas_internacionales
02/03/2012,148848.4,SF43707,reservas_internacionales
09/03/2012,148528.0,SF43707,reservas_internacionales
16/03/2012,148021.9,SF43707,reservas_internacionales
23/03/2012,148122.7,SF43707,reservas_internacionales
30/03/2012,150264.1,SF43707,reservas_internacionales
04/04/2012,150810.7,SF43707,reservas_internacionales
13/04/2012,151479.7,SF43707,reservas_internacionales
20/04/2012,152416.8,SF43707,reservas_internacionales
27/04/2012,154304.0,SF43707,reservas_internacionales
04/05/2012,154224.3,SF43707,reservas_internacionales
11/05/2012,153929.8,SF43707,reservas_internacionales
18/05/2012,153787.2,SF43707,reservas_internacionales
25/05/2012,154283.5,SF43707,reservas_internacionales
01/06/2012,155060.4,SF43707,reservas_internacionales
08/06/2012,155441.3,SF43707,reservas_internacionales
15/06/2012,156472.5,SF43707,reservas_internacionales
22/06/2012,156964.2,SF43707,reservas_internacionales
29/06/2012,157337.3,SF43707,reservas_internacionales
06/07/2012,157756.7,SF43707,reservas_internacionales
13/07/2012,157873.8,SF43707,reservas_internacionales
20/07/2012,159052.8,SF43707,reservas_internacionales
27/07/2012,158917.6,SF43707,reservas_internacionales
03/08/2012,159979.5,SF43707,reservas_internacionales
10/08/2012,160058.0,SF43707,reservas_internacionales
17/08/2012,159795.8,SF43707,reservas_internacionales
24/08/2012,161203.7,SF43707,reservas_internacionales
31/08/2012,161319.1,SF43707,reservas_internacionales
07/09/2012,161302.0,SF43707,reservas_internacionales
14/09/2012,161100.9,SF43707,reservas_internacionales
21/09/2012,160910.3,SF43707,reservas_internacionales
28/09/2012,161881.9,SF43707,reservas_internacionales
05/10/2012,161742.3,SF43707,reservas_internacionales
12/10/2012,161525.3,SF43707,reservas_internacionales
19/10/2012,161098.2,SF43707,reservas_internacionales
26/10/2012,160951.5,SF43707,reservas_internacionales
01/11/2012,162435.9,SF43707,reservas_internacionales
09/11/2012,162638.0,SF43707,reservas_internacionales
16/11/2012,162270.5,SF43707,reservas_internacionales
23/11/2012,162235.8,SF43707,reservas_internacionales
30/11/2012,163116.9,SF43707,reservas_internacionales
07/12/2012,163089.9,SF43707,reservas_internacionales
14/12/2012,163042.6,SF43707,reservas_internacionales
21/12/2012,163649.5,SF43707,reservas_internacionales
28/12/2012,163591.8,SF43707,reservas_internacionales
04/01/2013,163225.8,SF43707,reservas_internacionales
11/01/2013,163429.8,SF43707,reservas_internacionales
18/01/2013,163392.8,SF43707,reservas_internacionales
25/01/2013,163432.9,SF43707,reservas_internacionales
01/02/2013,165427.3,SF43707,reservas_internacionales
08/02/2013,165405.3,SF43707,reservas_internacionales
15/02/2013,165005.4,SF43707,reservas_internacionales
22/02/2013,164714.8,SF43707,reservas_internacionales
01/03/2013,165792.7,SF43707,reservas_internacionales
08/03/2013,165383.7,SF43707,reservas_internacionales
15/03/2013,165675.0,SF43707,reservas_internacionales
22/03/2013,165820.0,SF43707,reservas_internacionales
27/03/2013,166962.3,SF43707,reservas_internacionales
05/04/2013,166643.6,SF43707,reservas_internacionales
12/04/2013,166343.8,SF43707,reservas_internacionales
19/04/2013,165627.4,SF43707,reservas_internacionales
26/04/2013,167135.8,SF43707,reservas_internacionales
03/05/2013,168145.1,SF43707,reservas_internacionales
10/05/2013,167497.5,SF43707,reservas_internacionales
17/05/2013,166915.4,SF43707,reservas_internacionales
24/05/2013,167487.8,SF43707,reservas_internacionales
31/05/2013,167129.3,SF43707,reservas_internacionales
07/06/2013,167503.3,SF43707,reservas_internacionales
14/06/2013,167933.5,SF43707,reservas_internacionales
21/06/2013,166376.6,SF43707,reservas_internacionales
28/06/2013,166530.3,SF43707,reservas_internacionales
05/07/2013,166102.8,SF43707,reservas_internacionales
12/07/2013,166750.3,SF43707,reservas_internacionales
19/07/2013,166993.8,SF43707,reservas_internacionales
26/07/2013,168247.4,SF43707,reservas_internacionales
02/08/2013,169048.1,SF43707,reservas_internacionales
09/08/2013,169325.4,SF43707,reservas_internacionales
16/08/2013,169162.1,SF43707,reservas_internacionales
23/08/2013,169869.8,SF43707,reservas_internacionales
30/08/2013,170708.9,SF43707,reservas_internacionales
06/09/2013,170631.6,SF43707,reservas_internacionales
13/09/2013,170553.5,SF43707,reservas_internacionales
20/09/2013,170927.1,SF43707,reservas_internacionales
27/09/2013,172031.7,SF43707,reservas_internacionales
04/10/2013,172070.2,SF43707,reservas_internacionales
11/10/2013,171840.1,SF43707,reservas_internacionales
18/10/2013,173236.4,SF43707,reservas_internacionales
25/10/2013,174261.6,SF43707,reservas_internacionales
01/11/2013,174053.3,SF43707,reservas_internacionales
08/11/2013,173903.8,SF43707,reservas_internacionales
15/11/2013,174008.0,SF43707,reservas_internacionales
22/11/2013,175882.0,SF43707,reservas_internacionales
29/11/2013,176152.3,SF43707,reservas_internacionales
06/12/2013,175736.3,SF43707,reservas_internacionales
13/12/2013,175661.2,SF43707,reservas_internacionales
20/12/2013,176554.1,SF43707,reservas_internacionales
27/12/2013,176578.7,SF43707,reservas_internacionales
03/01/2014,176586.1,SF43707,reservas_internacionales
10/01/2014,176526.2,SF43707,reservas_internacionales
17/01/2014,176466.7,SF43707,reservas_internacionales
24/01/2014,177179.1,SF43707,reservas_internacionales
31/01/2014,179570.1,SF43707,reservas_internacionales
07/02/2014,179662.9,SF43707,reservas_internacionales
14/02/2014,179841.5,SF43707,reservas_internacionales
21/02/2014,179704.8,SF43707,reservas_internacionales
28/02/2014,180855.0,SF43707,reservas_internacionales
07/03/2014,180801.5,SF43707,reservas_internacionales
14/03/2014,181042.6,SF43707,reservas_internacionales
21/03/2014,180700.2,SF43707,reservas_internacionales
28/03/2014,182741.8,SF43707,reservas_internacionales
04/04/2014,183313.7,SF43707,reservas_internacionales
11/04/2014,183617.4,SF43707,reservas_internacionales
16/04/2014,183509.9,SF43707,reservas_internacionales
25/04/2014,184013.2,SF43707,reservas_internacionales
02/05/2014,186084.5,SF43707,reservas_internacionales
09/05/2014,186194.5,SF43707,reservas_internacionales
16/05/2014,186288.7,SF43707,reservas_internacionales
23/05/2014,187275.2,SF43707,reservas_internacionales
30/05/2014,188265.5,SF43707,reservas_internacionales
06/06/2014,188139.6,SF43707,reservas_internacionales
13/06/2014,188237.6,SF43707,reservas_internacionales
20/06/2014,188405.5,SF43707,reservas_internacionales
27/06/2014,190276.6,SF43707,reservas_internacionales
04/07/2014,190217.6,SF43707,reservas_internacionales
11/07/2014,190340.7,SF43707,reservas_internacionales
18/07/2014,190236.9,SF43707,reservas_internacionales
25/07/2014,190192.1,SF43707,reservas_internacionales
01/08/2014,190427.9,SF43707,reservas_internacionales
08/08/2014,190474.1,SF43707,reservas_internacionales
15/08/2014,190522.2,SF43707,reservas_internacionales
22/08/2014,190336.6,SF43707,reservas_internacionales
29/08/2014,191513.3,SF43707,reservas_internacionales
05/09/2014,191255.4,SF43707,reservas_internacionales
12/09/2014,190871.7,SF43707,reservas_internacionales
19/09/2014,190861.6,SF43707,reservas_internacionales
26/09/2014,190688.4,SF43707,reservas_internacionales
03/10/2014,190475.3,SF43707,reservas_internacionales
10/10/2014,190838.8,SF43707,reservas_internacionales
17/10/2014,190987.2,SF43707,reservas_internacionales
24/10/2014,190731.3,SF43707,reservas_internacionales
31/10/2014,191717.3,SF43707,reservas_internacionales
07/11/2014,191409.7,SF43707,reservas_internacionales
14/11/2014,191361.9,SF43707,reservas_internacionales
21/11/2014,192966.1,SF43707,reservas_internacionales
28/11/2014,192718.2,SF43707,reservas_internacionales
05/12/2014,192297.8,SF43707,reservas_internacionales
11/12/2014,192365.4,SF43707,reservas_internacionales
19/12/2014,193217.0,SF43707,reservas_internacionales
26/12/2014,193045.0,SF43707,reservas_internacionales
02/01/2015,193088.4,SF43707,reservas_internacionales
09/01/2015,193174.1,SF43707,reservas_internacionales
16/01/2015,193251.4,SF43707,reservas_internacionales
23/01/2015,192910.4,SF43707,reservas_internacionales
30/01/2015,196010.5,SF43707,reservas_internacionales
06/02/2015,195806.7,SF43707,reservas_internacionales
13/02/2015,195821.3,SF43707,reservas_internacionales
20/02/2015,195646.9,SF43707,reservas_internacionales
27/02/2015,195739.2,SF43707,reservas_internacionales
06/03/2015,194938.4,SF43707,reservas_internacionales
13/03/2015,195425.3,SF43707,reservas_internacionales
20/03/2015,195539.8,SF43707,reservas_internacionales
27/03/2015,195375.2,SF43707,reservas_internacionales
01/04/2015,195219.0,SF43707,reservas_internacionales
10/04/2015,194826.1,SF43707,reservas_internacionales
17/04/2015,195909.6,SF43707,reservas_internacionales
24/04/2015,195577.0,SF43707,reservas_internacionales
30/04/2015,195340.4,SF43707,reservas_internacionales
08/05/2015,195009.5,SF43707,reservas_internacionales
15/05/2015,194959.2,SF43707,reservas_internacionales
22/05/2015,194301.5,SF43707,reservas_internacionales
29/05/2015,193901.0,SF43707,reservas_internacionales
05/06/2015,193304.9,SF43707,reservas_internacionales
12/06/2015,193238.0,SF43707,reservas_internacionales
19/06/2015,193181.4,SF43707,reservas_internacionales
26/06/2015,192402.7,SF43707,reservas_internacionales
03/07/2015,192207.5,SF43707,reservas_internacionales
10/07/2015,191819.5,SF43707,reservas_internacionales
17/07/2015,191302.8,SF43707,reservas_internacionales
24/07/2015,190711.3,SF43707,reservas_internacionales
31/07/2015,190759.2,SF43707,reservas_internacionales
07/08/2015,189718.1,SF43707,reservas_internacionales
14/08/2015,188347.0,SF43707,reservas_internacionales
21/08/2015,187333.1,SF43707,reservas_internacionales
28/08/2015,185785.4,SF43707,reservas_internacionales
04/09/2015,184496.4,SF43707,reservas_internacionales
11/09/2015,183477.1,SF43707,reservas_internacionales
18/09/2015,182998.6,SF43707,reservas_internacionales
25/09/2015,181039.6,SF43707,reservas_internacionales
02/10/2015,180307.9,SF43707,reservas_internacionales
09/10/2015,179307.9,SF43707,reservas_internacionales
16/10/2015,178219.2,SF43707,reservas_internacionales
23/10/2015,176977.5,SF43707,reservas_internacionales
30/10/2015,175564.7,SF43707,reservas_internacionales
06/11/2015,174090.3,SF43707,reservas_internacionales
13/11/2015,173151.3,SF43707,reservas_internacionales
20/11/2015,172236.3,SF43707,reservas_internacionales
27/11/2015,171881.6,SF43707,reservas_internacionales
04/12/2015,171954.4,SF43707,reservas_internacionales
11/12/2015,172324.8,SF43707,reservas_internacionales
18/12/2015,174525.9,SF43707,reservas_internacionales
24/12/2015,176352.5,SF43707,reservas_internacionales
31/12/2015,176722.7,SF43707,reservas_internacionales
08/01/2016,175754.7,SF43707,reservas_internacionales
15/01/2016,175232.0,SF43707,reservas_internacionales
22/01/2016,174715.4,SF43707,reservas_internacionales
29/01/2016,175387.3,SF43707,reservas_internacionales
05/02/2016,174974.8,SF43707,reservas_internacionales
12/02/2016,174401.5,SF43707,reservas_internacionales
19/02/2016,174710.8,SF43707,reservas_internacionales
26/02/2016,176015.5,SF43707,reservas_internacionales
04/03/2016,176097.5,SF43707,reservas_internacionales
11/03/2016,176093.8,SF43707,reservas_internacionales
18/03/2016,176939.1,SF43707,reservas_internacionales
23/03/2016,176665.1,SF43707,reservas_internacionales
01/04/2016,177476.4,SF43707,reservas_internacionales
08/04/2016,177675.8,SF43707,reservas_internacionales
15/04/2016,177664.6,SF43707,reservas_internacionales
22/04/2016,177651.8,SF43707,reservas_internacionales
29/04/2016,177968.8,SF43707,reservas_internacionales
06/05/2016,177731.3,SF43707,reservas_internacionales
13/05/2016,177652.8,SF43707,reservas_internacionales
20/05/2016,177323.1,SF43707,reservas_internacionales
27/05/2016,176994.4,SF43707,reservas_internacionales
03/06/2016,177300.1,SF43707,reservas_internacionales
10/06/2016,177371.2,SF43707,reservas_internacionales
17/06/2016,177291.1,SF43707,reservas_internacionales
24/06/2016,177334.9,SF43707,reservas_internacionales
01/07/2016,177578.6,SF43707,reservas_internacionales
08/07/2016,177512.9,SF43707,reservas_internacionales
15/07/2016,177315.4,SF43707,reservas_internacionales
22/07/2016,177104.6,SF43707,reservas_internacionales
29/07/2016,177388.6,SF43707,reservas_internacionales
05/08/2016,176607.2,SF43707,reservas_internacionales
12/08/2016,176628.1,SF43707,reservas_internacionales
19/08/2016,176519.3,SF43707,reservas_internacionales
26/08/2016,176348.3,SF43707,reservas_internacionales
02/09/2016,176336.6,SF43707,reservas_internacionales
09/09/2016,176302.0,SF43707,reservas_internacionales
15/09/2016,175868.9,SF43707,reservas_internacionales
23/09/2016,175934.6,SF43707,reservas_internacionales
30/09/2016,175831.3,SF43707,reservas_internacionales
07/10/2016,175353.6,SF43707,reservas_internacionales
14/10/2016,175218.8,SF43707,reservas_internacionales
21/10/2016,175229.6,SF43707,reservas_internacionales
28/10/2016,175091.4,SF43707,reservas_internacionales
04/11/2016,175268.0,SF43707,reservas_internacionales
11/11/2016,174497.6,SF43707,reservas_internacionales
18/11/2016,174138.6,SF43707,reservas_internacionales
25/11/2016,174077.8,SF43707,reservas_internacionales
02/12/2016,174064.3,SF43707,reservas_internacionales
09/12/2016,176656.3,SF43707,reservas_internacionales
16/12/2016,176245.8,SF43707,reservas_internacionales
23/12/2016,176284.2,SF43707,reservas_internacionales
30/12/2016,176541.5,SF43707,reservas_internacionales
06/01/2017,174725.6,SF43707,reservas_internacionales
13/01/2017,174901.7,SF43707,reservas_internacionales
20/01/2017,174695.4,SF43707,reservas_internacionales
27/01/2017,174791.4,SF43707,reservas_internacionales
03/02/2017,174953.3,SF43707,reservas_internacionales
10/02/2017,174948.0,SF43707,reservas_internacionales
17/02/2017,174978.1,SF43707,reservas_internacionales
24/02/2017,175145.4,SF43707,reservas_internacionales
03/03/2017,174661.1,SF43707,reservas_internacionales
10/03/2017,174524.1,SF43707,reservas_internacionales
17/03/2017,174825.0,SF43707,reservas_internacionales
24/03/2017,175014.8,SF43707,reservas_internacionales
31/03/2017,174930.5,SF43707,reservas_internacionales
07/04/2017,174998.2,SF43707,reservas_internacionales
12/04/2017,174969.1,SF43707,reservas_internacionales
21/04/2017,175022.5,SF43707,reservas_internacionales
28/04/2017,175010.5,SF43707,reservas_internacionales
05/05/2017,174844.6,SF43707,reservas_internacionales
12/05/2017,174869.5,SF43707,reservas_internacionales
19/05/2017,175078.5,SF43707,reservas_internacionales
26/05/2017,175138.1,SF43707,reservas_internacionales
02/06/2017,174693.8,SF43707,reservas_internacionales
09/06/2017,174576.7,SF43707,reservas_internacionales
16/06/2017,174504.0,SF43707,reservas_internacionales
23/06/2017,174506.2,SF43707,reservas_internacionales
30/06/2017,174245.5,SF43707,reservas_internacionales
07/07/2017,173931.4,SF43707,reservas_internacionales
14/07/2017,173877.1,SF43707,reservas_internacionales
21/07/2017,173621.2,SF43707,reservas_internacionales
28/07/2017,173360.1,SF43707,reservas_internacionales
04/08/2017,173210.6,SF43707,reservas_internacionales
11/08/2017,173129.4,SF43707,reservas_internacionales
18/08/2017,173062.4,SF43707,reservas_internacionales
25/08/2017,173032.0,SF43707,reservas_internacionales
01/09/2017,173247.5,SF43707,reservas_internacionales
08/09/2017,173575.3,SF43707,reservas_internacionales
15/09/2017,173370.4,SF43707,reservas_internacionales
22/09/2017,173276.3,SF43707,reservas_internacionales
29/09/2017,173031.2,SF43707,reservas_internacionales
06/10/2017,172872.5,SF43707,reservas_internacionales
13/10/2017,173185.6,SF43707,reservas_internacionales
20/10/2017,172984.7,SF43707,reservas_internacionales
27/10/2017,172819.8,SF43707,reservas_internacionales
03/11/2017,172765.1,SF43707,reservas_internacionales
10/11/2017,172802.6,SF43707,reservas_internacionales
17/11/2017,172671.8,SF43707,reservas_internacionales
24/11/2017,172749.1,SF43707,reservas_internacionales
01/12/2017,172581.0,SF43707,reservas_internacionales
08/12/2017,172408.9,SF43707,reservas_internacionales
15/12/2017,172538.9,SF43707,reservas_internacionales
22/12/2017,172464.7,SF43707,reservas_internacionales
29/12/2017,172801.8,SF43707,reservas_internacionales
05/01/2018,172904.4,SF43707,reservas_internacionales
12/01/2018,172951.2,SF43707,reservas_internacionales
19/01/2018,173021.5,SF43707,reservas_internacionales
26/01/2018,173194.6,SF43707,reservas_internacionales
02/02/2018,172990.7,SF43707,reservas_internacionales
09/02/2018,172796.8,SF43707,reservas_internacionales
16/02/2018,173024.2,SF43707,reservas_internacionales
23/02/2018,172910.3,SF43707,reservas_internacionales
02/03/2018,173004.5,SF43707,reservas_internacionales
09/03/2018,172992.7,SF43707,reservas_internacionales
16/03/2018,173033.6,SF43707,reservas_internacionales
23/03/2018,173220.0,SF43707,reservas_internacionales
28/03/2018,173231.6,SF43707,reservas_internacionales
06/04/2018,173276.7,SF43707,reservas_internacionales
13/04/2018,173397.1,SF43707,reservas_internacionales
20/04/2018,173256.5,SF43707,reservas_internacionales
27/04/2018,173068.4,SF43707,reservas_internacionales
04/05/2018,173060.0,SF43707,reservas_internacionales
11/05/2018,173111.4,SF43707,reservas_internacionales
18/05/2018,172912.9,SF43707,reservas_internacionales
25/05/2018,173118.0,SF43707,reservas_internacionales
01/06/2018,173249.9,SF43707,reservas_internacionales
08/06/2018,173275.7,SF43707,reservas_internacionales
15/06/2018,173172.1,SF43707,reservas_internacionales
22/06/2018,173177.4,SF43707,reservas_internacionales
29/06/2018,173211.4,SF43707,reservas_internacionales
06/07/2018,173362.4,SF43707,reservas_internacionales
13/07/2018,173295.9,SF43707,reservas_internacionales
20/07/2018,173272.9,SF43707,reservas_internacionales
27/07/2018,173238.1,SF43707,reservas_internacionales
03/08/2018,173287.0,SF43707,reservas_internacionales
10/08/2018,173351.4,SF43707,reservas_internacionales
17/08/2018,173329.0,SF43707,reservas_internacionales
24/08/2018,173569.5,SF43707,reservas_internacionales
31/08/2018,173606.1,SF43707,reservas_internacionales
07/09/2018,173516.2,SF43707,reservas_internacionales
14/09/2018,173554.3,SF43707,reservas_internacionales
21/09/2018,173568.4,SF43707,reservas_internacionales
28/09/2018,173566.1,SF43707,reservas_internacionales
05/10/2018,173391.2,SF43707,reservas_internacionales
12/10/2018,173649.4,SF43707,reservas_internacionales
19/10/2018,173634.8,SF43707,reservas_internacionales
26/10/2018,173582.4,SF43707,reservas_internacionales
01/11/2018,173632.9,SF43707,reservas_internacionales
09/11/2018,173560.8,SF43707,reservas_internacionales
16/11/2018,173851.4,SF43707,reservas_internacionales
23/11/2018,173907.4,SF43707,reservas_internacionales
30/11/2018,173775.3,SF43707,reservas_internacionales
07/12/2018,174118.0,SF43707,reservas_internacionales
14/12/2018,174081.1,SF43707,reservas_internacionales
21/12/2018,174393.7,SF43707,reservas_internacionales
28/12/2018,174609.1,SF43707,reservas_internacionales
04/01/2019,174937.4,SF43707,reservas_internacionales
11/01/2019,175091.0,SF43707,reservas_internacionales
18/01/2019,175029.4,SF43707,reservas_internacionales
25/01/2019,175155.9,SF43707,reservas_internacionales
01/02/2019,175522.9,SF43707,reservas_internacionales
08/02/2019,175511.0,SF43707,reservas_internacionales
15/02/2019,175500.7,SF43707,reservas_internacionales
22/02/2019,175693.9,SF43707,reservas_internacionales
01/03/2019,175646.3,SF43707,reservas_internacionales
08/03/2019,175767.4,SF43707,reservas_internacionales
15/03/2019,176045.1,SF43707,reservas_internacionales
22/03/2019,176475.9,SF43707,reservas_internacionales
29/03/2019,176648.6,SF43707,reservas_internacionales
05/04/2019,176466.3,SF43707,reservas_internacionales
12/04/2019,176465.0,SF43707,reservas_internacionales
17/04/2019,176455.2,SF43707,reservas_internacionales
26/04/2019,176660.7,SF43707,reservas_internacionales
03/05/2019,176695.7,SF43707,reservas_internacionales
10/05/2019,176924.2,SF43707,reservas_internacionales
17/05/2019,177090.9,SF43707,reservas_internacionales
24/05/2019,177322.3,SF43707,reservas_internacionales
31/05/2019,177855.9,SF43707,reservas_internacionales
07/06/2019,178290.6,SF43707,reservas_internacionales
14/06/2019,178298.7,SF43707,reservas_internacionales
21/06/2019,178601.2,SF43707,reservas_internacionales
28/06/2019,178867.6,SF43707,reservas_internacionales
05/07/2019,178739.5,SF43707,reservas_internacionales
12/07/2019,178754.8,SF43707,reservas_internacionales
19/07/2019,179020.2,SF43707,reservas_internacionales
26/07/2019,178920.9,SF43707,reservas_internacionales
02/08/2019,179397.3,SF43707,reservas_internacionales
09/08/2019,179814.8,SF43707,reservas_internacionales
16/08/2019,180243.0,SF43707,reservas_internacionales
23/08/2019,180263.4,SF43707,reservas_internacionales
30/08/2019,180377.0,SF43707,reservas_internacionales
06/09/2019,180456.0,SF43707,reservas_internacionales
13/09/2019,179747.1,SF43707,reservas_internacionales
20/09/2019,180019.2,SF43707,reservas_internacionales
27/09/2019,180212.6,SF43707,reservas_internacionales
04/10/2019,180796.1,SF43707,reservas_internacionales
11/10/2019,180324.1,SF43707,reservas_internacionales
18/10/2019,180461.9,SF43707,reservas_internacionales
25/10/2019,180432.5,SF43707,reservas_internacionales
01/11/2019,180727.5,SF43707,reservas_internacionales
08/11/2019,180277.8,SF43707,reservas_internacionales
15/11/2019,180566.9,SF43707,reservas_internacionales
22/11/2019,180557.2,SF43707,reservas_internacionales
29/11/2019,180597.3,SF43707,reservas_internacionales
06/12/2019,180469.4,SF43707,reservas_internacionales
13/12/2019,180616.4,SF43707,reservas_internacionales
20/12/2019,180512.3,SF43707,reservas_internacionales
27/12/2019,180749.5,SF43707,reservas_internacionales
03/01/2020,181177.1,SF43707,reservas_internacionales
10/01/2020,181132.9,SF43707,reservas_internacionales
17/01/2020,181210.3,SF43707,reservas_internacionales
24/01/2020,182402.5,SF43707,reservas_internacionales
31/01/2020,182796.4,SF43707,reservas_internacionales
07/02/2020,182602.9,SF43707,reservas_internacionales
14/02/2020,182659.7,SF43707,reservas_internacionales
21/02/2020,183336.9,SF43707,reservas_internacionales
28/02/2020,184249.6,SF43707,reservas_internacionales
06/03/2020,185570.9,SF43707,reservas_internacionales
13/03/2020,184619.0,SF43707,reservas_internacionales
20/03/2020,184174.5,SF43707,reservas_internacionales
27/03/2020,185508.5,SF43707,reservas_internacionales
03/04/2020,185556.9,SF43707,reservas_internacionales
08/04/2020,185617.6,SF43707,reservas_internacionales
17/04/2020,185942.8,SF43707,reservas_internacionales
24/04/2020,186128.2,SF43707,reservas_internacionales
30/04/2020,186655.4,SF43707,reservas_internacionales
08/05/2020,186642.7,SF43707,reservas_internacionales
15/05/2020,186921.9,SF43707,reservas_internacionales
22/05/2020,187171.8,SF43707,reservas_internacionales
29/05/2020,187315.6,SF43707,reservas_internacionales
05/06/2020,187247.2,SF43707,reservas_internacionales
12/06/2020,188105.2,SF43707,reservas_internacionales
19/06/2020,188276.6,SF43707,reservas_internacionales
26/06/2020,188941.5,SF43707,reservas_internacionales
03/07/2020,190546.3,SF43707,reservas_internacionales
10/07/2020,191121.8,SF43707,reservas_internacionales
17/07/2020,191468.4,SF43707,reservas_internacionales
24/07/2020,192292.2,SF43707,reservas_internacionales
31/07/2020,192605.6,SF43707,reservas_internacionales
07/08/2020,192653.7,SF43707,reservas_internacionales
14/08/2020,192531.0,SF43707,reservas_internacionales
21/08/2020,193130.3,SF43707,reservas_internacionales
28/08/2020,193267.1,SF43707,reservas_internacionales
04/09/2020,193250.6,SF43707,reservas_internacionales
11/09/2020,193315.5,SF43707,reservas_internacionales
18/09/2020,193795.8,SF43707,reservas_internacionales
25/09/2020,193883.1,SF43707,reservas_internacionales
02/10/2020,193991.1,SF43707,reservas_internacionales
09/10/2020,194026.0,SF43707,reservas_internacionales
16/10/2020,194029.3,SF43707,reservas_internacionales
23/10/2020,194471.0,SF43707,reservas_internacionales
30/10/2020,194351.1,SF43707,reservas_internacionales
06/11/2020,194698.3,SF43707,reservas_internacionales
13/11/2020,194360.8,SF43707,reservas_internacionales
20/11/2020,194379.8,SF43707,reservas_internacionales
27/11/2020,194287.8,SF43707,reservas_internacionales
04/12/2020,194359.1,SF43707,reservas_internacionales
11/12/2020,195340.6,SF43707,reservas_internacionales
18/12/2020,195441.2,SF43707,reservas_internacionales
24/12/2020,195479.1,SF43707,reservas_internacionales
31/12/2020,195667.2,SF43707,reservas_internacionales
08/01/2021,195517.8,SF43707,reservas_internacionales
15/01/2021,195438.1,SF43707,reservas_internacionales
22/01/2021,195957.2,SF43707,reservas_internacionales
29/01/2021,195946.1,SF43707,reservas_internacionales
05/02/2021,195726.3,SF43707,reservas_internacionales
12/02/2021,195812.1,SF43707,reservas_internacionales
19/02/2021,195609.5,SF43707,reservas_internacionales
26/02/2021,195269.5,SF43707,reservas_internacionales
05/03/2021,195056.8,SF43707,reservas_internacionales
12/03/2021,194973.5,SF43707,reservas_internacionales
19/03/2021,194938.5,SF43707,reservas_internacionales
26/03/2021,194933.5,SF43707,reservas_internacionales
31/03/2021,194774.2,SF43707,reservas_internacionales
09/04/2021,195002.2,SF43707,reservas_internacionales
16/04/2021,195246.7,SF43707,reservas_internacionales
23/04/2021,195373.1,SF43707,reservas_internacionales
30/04/2021,195267.6,SF43707,reservas_internacionales
07/05/2021,195129.1,SF43707,reservas_internacionales
14/05/2021,194645.0,SF43707,reservas_internacionales
21/05/2021,194380.9,SF43707,reservas_internacionales
28/05/2021,194168.7,SF43707,reservas_internacionales
04/06/2021,193769.9,SF43707,reservas_internacionales
11/06/2021,193467.4,SF43707,reservas_internacionales
18/06/2021,192826.9,SF43707,reservas_internacionales
25/06/2021,192886.0,SF43707,reservas_internacionales
02/07/2021,193020.4,SF43707,reservas_internacionales
09/07/2021,193188.2,SF43707,reservas_internacionales
16/07/2021,193231.4,SF43707,reservas_internacionales
23/07/2021,193215.1,SF43707,reservas_internacionales
30/07/2021,193423.7,SF43707,reservas_internacionales
06/08/2021,193278.4,SF43707,reservas_internacionales
13/08/2021,193213.6,SF43707,reservas_internacionales
20/08/2021,193153.7,SF43707,reservas_internacionales
27/08/2021,205391.4,SF43707,reservas_internacionales
03/09/2021,205559.0,SF43707,reservas_internacionales
10/09/2021,198537.8,SF43707,reservas_internacionales
17/09/2021,198401.6,SF43707,reservas_internacionales
24/09/2021,198216.0,SF43707,reservas_internacionales
01/10/2021,198560.2,SF43707,reservas_internacionales
08/10/2021,198482.1,SF43707,reservas_internacionales
15/10/2021,198522.3,SF43707,reservas_internacionales
22/10/2021,198545.7,SF43707,reservas_internacionales
29/10/2021,198850.4,SF43707,reservas_internacionales
05/11/2021,198919.7,SF43707,reservas_internacionales
12/11/2021,198788.1,SF43707,reservas_internacionales
19/11/2021,198585.8,SF43707,reservas_internacionales
26/11/2021,199310.1,SF43707,reservas_internacionales
03/12/2021,199993.0,SF43707,reservas_internacionales
10/12/2021,201440.6,SF43707,reservas_internacionales
17/12/2021,202303.4,SF43707,reservas_internacionales
24/12/2021,202273.5,SF43707,reservas_internacionales
31/12/2021,202399.2,SF43707,reservas_internacionales
07/01/2022,201952.8,SF43707,reservas_internacionales
14/01/2022,202099.7,SF43707,reservas_internacionales
21/01/2022,201995.6,SF43707,reservas_internacionales
28/01/2022,201583.4,SF43707,reservas_internacionales
04/02/2022,201698.2,SF43707,reservas_internacionales
11/02/2022,201437.7,SF43707,reservas_internacionales
18/02/2022,201500.8,SF43707,reservas_internacionales
25/02/2022,201399.1,SF43707,reservas_internacionales
04/03/2022,201687.1,SF43707,reservas_internacionales
11/03/2022,201374.6,SF43707,reservas_internacionales
18/03/2022,200975.8,SF43707,reservas_internacionales
25/03/2022,200530.4,SF43707,reservas_internacionales
01/04/2022,200725.5,SF43707,reservas_internacionales
08/04/2022,200145.7,SF43707,reservas_internacionales
13/04/2022,200087.8,SF43707,reservas_internacionales
22/04/2022,199504.7,SF43707,reservas_internacionales
29/04/2022,199174.6,SF43707,reservas_internacionales
06/05/2022,198797.6,SF43707,reservas_internacionales
13/05/2022,198723.7,SF43707,reservas_internacionales
20/05/2022,199187.1,SF43707,reservas_internacionales
27/05/2022,199558.0,SF43707,reservas_internacionales
03/06/2022,199310.7,SF43707,reservas_internacionales
10/06/2022,198742.4,SF43707,reservas_internacionales
17/06/2022,198194.0,SF43707,reservas_internacionales
24/06/2022,198506.7,SF43707,reservas_internacionales
01/07/2022,198768.6,SF43707,reservas_internacionales
08/07/2022,198412.8,SF43707,reservas_internacionales
15/07/2022,198473.3,SF43707,reservas_internacionales
22/07/2022,198854.8,SF43707,reservas_internacionales
29/07/2022,199479.8,SF43707,reservas_internacionales
05/08/2022,199314.2,SF43707,reservas_internacionales
12/08/2022,199404.8,SF43707,reservas_internacionales
19/08/2022,199002.7,SF43707,reservas_internacionales
26/08/2022,198761.0,SF43707,reservas_internacionales
02/09/2022,198474.0,SF43707,reservas_internacionales
09/09/2022,198294.5,SF43707,reservas_internacionales
15/09/2022,197868.9,SF43707,reservas_internacionales
23/09/2022,197199.6,SF43707,reservas_internacionales
30/09/2022,196917.5,SF43707,reservas_internacionales
07/10/2022,196963.2,SF43707,reservas_internacionales
14/10/2022,196559.8,SF43707,reservas_internacionales
21/10/2022,196227.2,SF43707,reservas_internacionales
28/10/2022,196890.2,SF43707,reservas_internacionales
04/11/2022,196705.9,SF43707,reservas_internacionales
11/11/2022,197861.0,SF43707,reservas_internacionales
18/11/2022,198183.5,SF43707,reservas_internacionales
25/11/2022,198043.8,SF43707,reservas_internacionales
02/12/2022,198890.2,SF43707,reservas_internacionales
09/12/2022,199209.4,SF43707,reservas_internacionales
16/12/2022,199437.7,SF43707,reservas_internacionales
23/12/2022,199182.8,SF43707,reservas_internacionales
30/12/2022,199094.2,SF43707,reservas_internacionales
06/01/2023,199720.0,SF43707,reservas_internacionales
13/01/2023,200620.0,SF43707,reservas_internacionales
20/01/2023,200889.0,SF43707,reservas_internacionales
27/01/2023,200994.5,SF43707,reservas_internacionales
03/02/2023,201276.3,SF43707,reservas_internacionales
10/02/2023,200689.3,SF43707,reservas_internacionales
17/02/2023,200374.1,SF43707,reservas_internacionales
24/02/2023,200083.2,SF43707,reservas_internacionales
03/03/2023,200267.5,SF43707,reservas_internacionales
10/03/2023,200566.6,SF43707,reservas_internacionales
17/03/2023,201972.3,SF43707,reservas_internacionales
24/03/2023,202468.7,SF43707,reservas_internacionales
31/03/2023,202337.6,SF43707,reservas_internacionales
05/04/2023,203089.1,SF43707,reservas_internacionales
14/04/2023,202990.7,SF43707,reservas_internacionales
21/04/2023,202672.7,SF43707,reservas_internacionales
28/04/2023,203104.0,SF43707,reservas_internacionales
05/05/2023,203510.2,SF43707,reservas_internacionales
12/05/2023,203450.9,SF43707,reservas_internacionales
19/05/2023,202832.3,SF43707,reservas_internacionales
26/05/2023,202511.8,SF43707,reservas_internacionales
02/06/2023,203019.5,SF43707,reservas_internacionales
09/06/2023,202993.9,SF43707,reservas_internacionales
16/06/2023,203262.1,SF43707,reservas_internacionales
23/06/2023,203268.5,SF43707,reservas_internacionales
30/06/2023,203209.3,SF43707,reservas_internacionales
07/07/2023,203071.1,SF43707,reservas_internacionales
14/07/2023,204129.8,SF43707,reservas_internacionales
21/07/2023,204163.5,SF43707,reservas_internacionales
28/07/2023,204099.1,SF43707,reservas_internacionales
04/08/2023,203888.6,SF43707,reservas_internacionales
11/08/2023,203860.6,SF43707,reservas_internacionales
18/08/2023,203481.5,SF43707,reservas_internacionales
25/08/2023,203719.4,SF43707,reservas_internacionales
01/09/2023,204247.4,SF43707,reservas_internacionales
08/09/2023,203920.0,SF43707,reservas_internacionales
15/09/2023,204177.7,SF43707,reservas_internacionales
22/09/2023,204141.0,SF43707,reservas_internacionales
29/09/2023,203767.6,SF43707,reservas_internacionales
06/10/2023,203496.9,SF43707,reservas_internacionales
13/10/2023,204127.1,SF43707,reservas_internacionales
20/10/2023,203999.6,SF43707,reservas_internacionales
27/10/2023,204220.4,SF43707,reservas_internacionales
03/11/2023,204983.9,SF43707,reservas_internacionales
10/11/2023,205262.2,SF43707,reservas_internacionales
17/11/2023,205623.1,SF43707,reservas_internacionales
24/11/2023,206277.6,SF43707,reservas_internacionales
01/12/2023,207120.0,SF43707,reservas_internacionales
08/12/2023,209287.1,SF43707,reservas_internacionales
15/12/2023,210887.9,SF43707,reservas_internacionales
22/12/2023,211509.4,SF43707,reservas_internacionales
29/12/2023,212761.9,SF43707,reservas_internacionales
05/01/2024,212408.1,SF43707,reservas_internacionales
12/01/2024,212723.2,SF43707,reservas_internacionales
19/01/2024,212769.0,SF43707,reservas_internacionales
26/01/2024,212886.7,SF43707,reservas_internacionales
02/02/2024,213463.9,SF43707,reservas_internacionales
09/02/2024,213176.7,SF43707,reservas_internacionales
16/02/2024,213060.8,SF43707,reservas_internacionales
23/02/2024,213478.8,SF43707,reservas_internacionales
01/03/2024,213902.6,SF43707,reservas_internacionales
08/03/2024,216800.5,SF43707,reservas_internacionales
15/03/2024,216492.0,SF43707,reservas_internacionales
22/03/2024,216903.0,SF43707,reservas_internacionales
27/03/2024,217193.8,SF43707,reservas_internacionales
05/04/2024,217298.7,SF43707,reservas_internacionales
12/04/2024,217185.5,SF43707,reservas_internacionales
19/04/2024,217260.5,SF43707,reservas_internacionales
26/04/2024,217247.8,SF43707,reservas_internacionales
03/05/2024,217712.6,SF43707,reservas_internacionales
10/05/2024,218229.2,SF43707,reservas_internacionales
17/05/2024,218952.9,SF43707,reservas_internacionales
24/05/2024,218739.3,SF43707,reservas_internacionales
31/05/2024,218726.3,SF43707,reservas_internacionales
07/06/2024,219273.4,SF43707,reservas_internacionales
14/06/2024,219728.5,SF43707,reservas_internacionales
21/06/2024,220044.6,SF43707,reservas_internacionales
28/06/2024,219996.9,SF43707,reservas_internacionales
05/07/2024,220389.2,SF43707,reservas_internacionales
12/07/2024,221184.2,SF43707,reservas_internacionales
19/07/2024,221621.3,SF43707,reservas_internacionales
26/07/2024,221725.3,SF43707,reservas_internacionales
02/08/2024,223162.3,SF43707,reservas_internacionales
09/08/2024,223232.8,SF43707,reservas_internacionales
16/08/2024,223998.3,SF43707,reservas_internacionales
23/08/2024,224709.1,SF43707,reservas_internacionales
30/08/2024,224777.9,SF43707,reservas_internacionales
06/09/2024,225426.9,SF43707,reservas_internacionales
13/09/2024,226108.8,SF43707,reservas_internacionales
20/09/2024,226464.8,SF43707,reservas_internacionales
27/09/2024,226845.8,SF43707,reservas_internacionales
04/10/2024,226317.5,SF43707,reservas_internacionales
11/10/2024,226002.4,SF43707,reservas_internacionales
18/10/2024,226436.1,SF43707,reservas_internacionales
25/10/2024,226066.9,SF43707,reservas_internacionales
01/11/2024,226023.6,SF43707,reservas_internacionales
08/11/2024,226057.7,SF43707,reservas_internacionales
15/11/2024,225361.3,SF43707,reservas_internacionales
22/11/2024,225528.0,SF43707,reservas_internacionales
29/11/2024,228392.2,SF43707,reservas_internacionales
06/12/2024,228753.3,SF43707,reservas_internacionales
13/12/2024,228654.3,SF43707,reservas_internacionales
20/12/2024,228220.9,SF43707,reservas_internacionales
27/12/2024,228789.4,SF43707,reservas_internacionales
03/01/2025,229016.9,SF43707,reservas_internacionales
10/01/2025,228920.8,SF43707,reservas_internacionales
17/01/2025,229505.2,SF43707,reservas_internacionales
24/01/2025,230253.7,SF43707,reservas_internacionales
31/01/2025,230764.0,SF43707,reservas_internacionales
07/02/2025,231400.4,SF43707,reservas_internacionales
14/02/2025,232724.1,SF43707,reservas_internacionales
21/02/2025,233909.7,SF43707,reservas_internacionales
28/02/2025,234346.8,SF43707,reservas_internacionales
07/03/2025,235940.4,SF43707,reservas_internacionales
14/03/2025,236287.6,SF43707,reservas_internacionales
21/03/2025,236731.5,SF43707,reservas_internacionales
28/03/2025,237006.1,SF43707,reservas_internacionales
04/04/2025,237803.7,SF43707,reservas_internacionales
11/04/2025,237982.8,SF43707,reservas_internacionales
16/04/2025,238937.3,SF43707,reservas_internacionales
25/04/2025,239137.9,SF43707,reservas_internacionales
02/05/2025,239319.1,SF43707,reservas_internacionales
09/05/2025,239627.1,SF43707,reservas_internacionales
16/05/2025,238922.9,SF43707,reservas_internacionales
23/05/2025,239884.8,SF43707,reservas_internacionales
30/05/2025,239981.6,SF43707,reservas_internacionales
06/06/2025,240443.2,SF43707,reservas_internacionales
13/06/2025,241212.0,SF43707,reservas_internacionales
20/06/2025,241300.2,SF43707,reservas_internacionales
27/06/2025,241480.1,SF43707,reservas_internacionales
04/07/2025,241880.1,SF43707,reservas_internacionales
11/07/2025,241911.5,SF43707,reservas_internacionales
18/07/2025,242086.4,SF43707,reservas_internacionales
25/07/2025,242343.9,SF43707,reservas_internacionales
01/08/2025,242515.6,SF43707,reservas_internacionales
08/08/2025,243222.3,SF43707,reservas_internacionales
15/08/2025,243108.9,SF43707,reservas_internacionales
22/08/2025,243363.1,SF43707,reservas_internacionales
29/08/2025,244399.0,SF43707,reservas_internacionales
05/09/2025,245465.4,SF43707,reservas_internacionales
12/09/2025,246266.1,SF43707,reservas_internacionales
19/09/2025,246528.4,SF43707,reservas_internacionales
26/09/2025,246831.7,SF43707,reservas_internacionales
03/10/2025,247733.4,SF43707,reservas_internacionales
10/10/2025,248249.1,SF43707,reservas_internacionales
17/10/2025,249743.9,SF43707,reservas_internacionales
